Title,Price,Date
Funny Data Systems Business Analyst Brewing Data Magic T-Shirt," 1,935.36",2026-03-12
Funny Data Systems Business Analyst Brewing Data Magic T-Shirt," 1,935.36",2026-03-12
Funny Data Systems Business Analyst Brewing Data Magic T-Shirt," 1,935.36",2026-03-12
Funny Data Systems Business Analyst Brewing Data Magic T-Shirt," 1,935.36",2026-03-12
Funny Data Systems Business Analyst Brewing Data Magic T-Shirt," 1,935.36",2026-03-12
Funny Data Systems Business Analyst Brewing Data Magic T-Shirt," 1,935.36",2026-03-12
Funny Data Systems Business Analyst Brewing Data Magic T-Shirt," 1,935.36",2026-03-12
Funny Data Systems Business Analyst Brewing Data Magic T-Shirt," 1,935.36",2026-03-12
Funny Data Systems Business Analyst Brewing Data Magic T-Shirt," 1,935.36",2026-03-12
Funny Data Systems Business Analyst Brewing Data Magic T-Shirt," 1,935.36",2026-03-12
Funny Data Systems Business Analyst Brewing Data Magic T-Shirt," 1,935.36",2026-03-12
